sequence,value
FKLFKKIPKFLHLAKKF,-0.17197156
RWKIFKKIEKVGQNIRDGIVKAGPA,-0.07934743
KRFKKFFKKLKNSVKKRAKKFFKK,0.06134917
KKLLKWKLKLKK,0.07791865
LTCDLLSFEAKGFAANHSLCAAHCL,0.1116676
LCYCRRRFCFCV,0.2240895
IWRIFRRIF,0.22753708
FVPWFSKFLPRIL,0.26032442
MASRAAGLAARLARLALRAL,0.26092294
KFKSFIKKLTSKFLHSAKKF,0.2633336
RLCYTRGRFTVCVR,0.2692175
AKKVFKRLEKLFSKIQN,0.2694344
FFRLLFHGVHHGGGYLNAA,0.27360365
RWCVYAYVRVAGVLVRYRRCW,0.2751942
RRGWALRLVLAY,0.3071906
FLSLALAALPKLFCLIFKKC,0.31827068
LLRRLLRRLLRRLLRR,0.3272881
FVKLKKILNIILSIFKK,0.3284758
AWKVFKRLGIGAVLWVLTWG,0.33472216
KWKSFINKLTSKFLHSAKKF,0.35342413
GLFGKLIKKFGRKAISYAVKKARGK,0.37053484
KNWKGIAGMAKKLLGKNWKLMKK,0.3981521
RLYRRLYRRLYRRLYRRLYRRLYRR,0.42734748
GLMSVLKGVLKTAGKHIFKNVGGSL,0.42769784
KKLALALAKKWLPLAKKLALALAKK,0.43748355
KWKKLLKKLLKLL,0.43829453
SVSNAATRVARTGRSRWRDVARNFM,0.43887022
KKLFKKILKWL,0.44218218
GFKDLLKKAAKALVKTVLF,0.45343766
KWKLFKKIPKFLHLAKKF,0.46827185
ILPWKWPWLPWKK,0.47534233
KKKKKKAAFAAWAAFAA,0.48791575
GLLGKLLKIAAKVGKKLL,0.49439073
RGGGLCYCRRRFCVCVGR,0.49674794
RWRWRWRWRW,0.49786478
GVLGTVKNLLIGAGKSAAQSVLKTL,0.51295304
GVVKVSRLKGESLRARL,0.52078915
FKRLKKLFSKIWNWK,0.5252135
KKLALLALKKWLLALKKLALLALKK,0.53071
KWKLFKKIEKVGQNIRDGIIKAGPA,0.5329011
AAGLAMLFLGILSAAGSTMGARA,0.5386734
DCTRWIIGINGRICRD,0.5393554
ILPWKWKFFPWRR,0.5438038
KWASLWNWFNITNWLWYIK,0.5452362
GLPALILWIKRKRQQ,0.55387443
FKRLEKLFSKIQNDK,0.5548964
LKKLLKKLLKW,0.55658615
KKLFKKILKFL,0.5619863
GWRTLLKKAEVKTVGKLALKHYL,0.56241214
FWGALAKGALKLIPSLFSSFSKKD,0.56693494
LNWGAWLKHWWK,0.57267904
KWKSFIKKSTSKFLHSAKKF,0.5732296
AKKVFKRLGIGAVLWVLTTG,0.57564664
PAICQRAEIEACILL,0.5814785
GLFDIIKKIAESFKFSEAIKKIIDF,0.5815731
KWKKLLKKPLKLKL,0.5830199
RLYRW,0.58883774
INLKALAALAKALL,0.590026
VCYCRRRFCVCVGR,0.5911877
NWKGIAAMAKKLL,0.5963274
NIWKKIASIAKEVLKAL,0.60317194
KKLFKKILKYL,0.6108835
KKLFKKILKYL,0.6108835
KKLFKKILKYL,0.6108835
KKLFKKILKYL,0.6108835
KKLFKKILKYL,0.6108835
KKLFKKILKYL,0.6108835
KKLFKKILKYL,0.6108835
KKLFKKILKYL,0.6108835
KKLFKKILKYL,0.6108835
KKLFKKILKYL,0.6108835
KKLFKKILKYL,0.6108835
KKLFKKILKYL,0.6108835
KKLFKKILKYL,0.6108835
KKLFKKILKYL,0.6108835
INWKKIASIGKEVLKA,0.6137414
TLLKKVLKAAAK,0.6201974
GRFKRFRKKFKKLFKKLSPVIPLLH,0.62585443
AQDIISTIGDLVKWIIDTVNKFTKK,0.6263626
HFLKTLVNLAKKIL,0.6308457
KWKSFLKTFKSPARTVLYTALKPIS,0.6340376
LLPIVGNLLKSLL,0.6369573
KWAKKWKWFAKAAWKWYKK,0.6426231
IIPLPLGYFAKKT,0.6461011
FKCRRWQWRWKKLGAKPVPIIYCNR,0.64873445
FGPVIGLLSGILKSLL,0.64949757
GSKKPVPIIYCNRRGKCQRM,0.65594935
QRSVSNAATRVCRTGRSRWRDVC,0.6640544
FVGAIAAALPHVISAIKNAL,0.6680757
KWCFCVCYRGICYCRCRG,0.67161965
GIGKFLHSAKKFGKAFVGEIMNS,0.67185163
AKKVFKRLGIGAVLKVLTWG,0.6796934
EGRERDHELRHRRHHHQSPK,0.6805754
GLWSTIKNVGKEAAIAAGKAALGAL,0.6841289
ILGKLLSTAAGLLSKL,0.6848011
ILGKLLKTAAKLLSNL,0.68603235
ILPWKWPWLPWRR,0.6920143
LNLKSIVSWAKKVL,0.6929151
KVFKRLEKLFSKIQNDK,0.6933422
RRGWVLALVLRYGRR,0.69518495
ILPKKKPWWPWRR,0.6965476
VNRKKILGKSIKVVK,0.6978228
KIGAKIKIGAKIKIGAKI,0.6984108
RGGRLCYCRRRFCVCF,0.69948053
RSTEDIIKSISGGGFLNAMNA,0.70161223
KKVADKVLLLKQLRIMRL,0.7034796
KWKSFLKKLTSAAKKVLTTALKPIS,0.7087662
GFMDTAKNVAKNVAVTLLDNLKCKI,0.70995873
KEKLKLKCKAPKCYNDKLACT,0.7119818
LNLNSIVSWAKKVL,0.71247077
RLYRRLYRRLYRRLYRRLYRRLYRR,0.72391105
KKLLKLKLKWKK,0.7247025
GWGSFFKKAAHVGKHVAKAALTHYL,0.72563505
KWKSFIKKLTSKFLHSADKF,0.72609174
FLSLALAALPKFLCLVFKKC,0.72960985
KVMAHMK,0.7352368
LKLKSIVSWALLVL,0.73576397
MESQSDAVQLMLGFGTFVLMLLGLV,0.7360452
GRRKRKWLRRIGKGVKIIGGAALDH,0.7362226
GFWGKLFKLGLHGIGLLHLHL,0.73689014
KWKLFKKIPKFLHLAKK,0.73857725
IDWLKLGKMVMDVL,0.7400025
GLGSLLGKAFKFGLKTVGKMMGGAP,0.74177516
FSISPGKVLDKFGKIVGKVLKQLKK,0.74208105
FLSSIGKILGNLL,0.7433925
GLKKIFKAGLGSLVKGIKAHVAS,0.74590045
NWCKRGRKQCKTHPH,0.7461742
WKSDVRRWRSRY,0.7526673
GLLDTLKGAAKNVVGSLASKVMEKL,0.75331944
MESQSNAVQLMLGFGTFVLMLLGLV,0.75379694
GWGSIFKHGRHAAKHIGHAAVNHYL,0.75508136
INWLKLGKQILGAL,0.76261127
LKLKSIVSWAKLVL,0.7627187
ISSPLFKTLLSAVGSALSSSGGQE,0.76797837
GLKDKFKSMGEKLKQYIQTWKAKF,0.7682283
ILGKLLSTAWKLLSNL,0.76987445
FKTWKRPPFQTSCSGIIKE,0.7835182
FWGALAKGALKLIGVSLFSSFSKKD,0.7893758
KWLNALLKKGLNCAKGVLA,0.8093517
GLGSVFGRLARILGRVIPKVAKKLG,0.80942804
ILPILGNLLNGLL,0.8159661
KILRGVCKKIMRTFLRRISKDILTG,0.8179703
FVQWFSKFLGRIL,0.82412827
KWKWKW,0.8257121
LCYTFRPRFVCV,0.8281486
GIGKFLHSAGKFGKAFVGEIMKS,0.82983863
RRLMAAKAESRK,0.8303517
KNWKGIAGMAKKLLGKNWELMKK,0.83166873
KIKIPWGKVKDFLVGGMKAV,0.83168536
VTLASHLPSDFTPAVHASLDKFLAN,0.83781016
ILPLKLPLLPWRR,0.840766
KPLLKKLLKKL,0.8409811
KLKKLLKKWLKLLKKLLK,0.841442
KLKKLLKKWLKLLKKLLK,0.841442
MAFKKLEKVGRNIRDGIIKAGPAVA,0.8429561
KAYSTPRCKGLFRALMCWL,0.845052
INWLKLGKKMMSAI,0.8487146
KNWKGIAGMAKKLLGKNWKLM,0.8502315
IPHAVKAISDLI,0.85443425
LKWGAILKHIIK,0.85585654
INWLKLGKKVSAIL,0.85826755
INSLKLGKKILGAL,0.86081135
PKLLKTFLKWIG,0.86125505
GLLGPLLKIAAKVGSKLL,0.8620446
ILPFKFPFFPFRR,0.8652081
FLSLIPHAINAVSAIAKHN,0.8671718
KLLKKLLKLWKKLLKKLK,0.8687211
ACYCRRRFCVCVGR,0.86978406
DVNDLKNLCAKTHNLLPMCAMFGKK,0.873834
KKFPWWWPFKK,0.8744004
ALWMTLLKKVLKAAAKAALDAVLVG,0.8756935
GIINTLQKYYARVRGGRAAVLSALP,0.87595356
GRLKRLRKKLKKLLKKLS,0.876561
GIGKFLHKVKSFGKSWIGEIMNS,0.8782157
RAGLQFPVGRLLRRLLRRLLR,0.8813902
GYGCPFNQYQCHSHCSGIRGYKGGY,0.88364685
GLFGVLAKVAAHVVAAIAEHF,0.88379776
KKLLPIVANLLKSLL,0.8877963
KKWLKLKLKLKK,0.8896061
KWCFRVCYRGICYRRCR,0.8900019
LKWLLKWLK,0.89151585
KWLLLLKLLLLK,0.8918359
KLLKKPLKLKL,0.8946284
LLGMIPLAISAISALSKL,0.90704584
RRGWVLALYLRYGRR,0.9078854
DLLGTLGNLPLPFI,0.9081396
KWKSFIKKLTSKFLHSKKKF,0.91053724
RGGRLCYCRRRFCVCL,0.9119308
ILGKLLSTAAKLLSNL,0.9134256
LDPKVVQSLL,0.9163618
KWKLFKKIGAVLKVL,0.92005205
ALLHHGLNCAKGVLAALLHHGLNCA,0.9244851
KIASIGKEVLKAL,0.9255301
GWKKWLRKGAKHLGQAAIK,0.9269308
KRKRQQGIGAVLKVLTTGLPALISW,0.9299491
FVDLKKIANIINSIF,0.9303007
GFCRCLCRRGVCRCLCTK,0.9322662
MLSVSDAVQLMLGFGTFVLMLLGLV,0.93338126
GMATAAGTTLGKLAKFVIGAV,0.93509054
GIAKFGKAAAHFGKKWVGELMNS,0.9356697
KWKSFLKTFKSPARTVLHTALKPIS,0.93641627
FLPLVTGLLSGLL,0.94261444
FVKLKKIANIINSIFKK,0.9430038
FLGWLFKWAKK,0.9468629
GILSTFKGLAKGVAKDLAGNLLDKF,0.948944
ILGKLLSTAWALLSKL,0.9536014
PKLLETFLSKWIG,0.9543003
KKKLLLLLLLLLKKK,0.95530355
RAGLQFPVGRLLRRLLR,0.9562882
VDIHVWDGVVDIHVWDGV,0.96030265
FLGALFKVASKVLPSVKCAITKKC,0.9635383
LKWKSIVSWAKKVL,0.96360755
FLPAIAGILSQLF,0.9638375
ILPWKWPFFPWRR,0.97564924
RQRVEELSKFSKKGAAARRRK,0.9810003
HFLLTLVNLAKKKL,0.9816493
VDIHVWEGV,0.98255277
VSWKKSLGKIIKVVK,0.9872993
PAICQRATATLGTVGSNTSGTTEI,0.9906188
GLWSKIKTAGKSVAKAAAKAAVKAV,0.9925754
AWASFFKKAAHVAKHVAKAALTHYL,0.9936291
KKLKKLLKKWKKLLKKLK,0.9943359
FLPLLAGLAANFLPTIICKISYKC,0.99602604
GFMKYIKPLIPHAVKAISKLI,0.99608904
KWKSFIKKLTKKFLHSAKKF,0.99637336
KWKLFKKIPLAKKF,0.9992838
GAGALAKFLAKKVAKTVAKQAAKQG,1.0042524
LNLKGIFKKVASLLT,1.0050473
KSLVRRWRSRW,1.007157
MESVSVAVQLMLGFGTFVLMLLGLV,1.0089052
KKLLKLLLKLLK,1.0096284
ILGKLLSTAWGLLSKL,1.0096538
GFFGKMKEYFKKFGASFKRRFANLK,1.010146
FAKWAFKWAKK,1.0119528
FKRLEKLFSKIWNWK,1.0173529
FLPLLAGLAANFLPKIFCKITRKC,1.0188282
GQSQWRDVCRNFMRR,1.0193338
VGKVLKQLKKVSAVAKVAMKKGAAL,1.0197185
HFLLTLKNLAKKIL,1.0206354
HFLLTLKNLAKKIL,1.0206354
LKLKSIVSYAKKVL,1.0220606
KWFKKIPKFLHLAKKF,1.0229518
FFRLLFHGVHHVGKIKPRA,1.024837
WKSYVRRWRS,1.0255913
GIGAVLKVLTTGLPALISWIKRKRQ,1.0273501
RGGRLCYCRRRFCVCE,1.027426
NPVLVKDATGSTQFGPVQALGAQY,1.0327526
KKAAHVGKHVGKAALTHYL,1.0333476
GKGALKKFLAKKVAKTVAKQAAKQG,1.0339328
FKIKASKVLDKFGKIVGKVLKQLKK,1.0362585
GILNTIKSIASKLKRKAK,1.0389513
GFKKLLKGAAKALVKTVLF,1.0394747
GFMKYIGPLIPHKVKAISDLI,1.0403687
ILKKLLSTAAGLLSNL,1.0417447
GFLSILKKVLKKVMAHMK,1.0418108
RGGRLCYCRRRFCVCI,1.0427483
QQRKRKGIGAVLKVLTTGLPALISW,1.0455278
MAIVGTIIKIIKAIIDIFAK,1.0455278
GFGSLFKFLAKKVAKTVAKQAAKQG,1.0472643
FLKWLFKWLKK,1.0511652
VRRFPFFFPFLRR,1.0522428
INWKKIASIGKEVLK,1.052658
GFFALIPKIISSPLFKTLLSAV,1.0598295
GWGSFFKKAAAVGKAVGKAALTAYL,1.0621889
KKLLKKLLKWL,1.0642339
LNWGAFLKHFFK,1.0692058
LCYTFRGRFVCV,1.07465
INLKGLIKKVASLLT,1.0775003
IFGAILPLALGALKNLIK,1.0783027
ILGKLLKTAAGLLSNL,1.0786625
GLSALISWIKRKRQQ,1.0800706
FVQWFSKFLLRIL,1.0809429
RGGRLCYTRPRFTVCVGR,1.0847529
CVISAGWNHKIRCKLTGNC,1.0854226
FLPLIARVLSGIL,1.0862328
AGYLLGKINLKALAALAKKIL,1.0871117
KNWKAILKHIIK,1.0876689
KKLALALAKKWLALAKKLALALAKK,1.090992
ILPLKWPWWPWRR,1.0950401
GRPNPVNNKPTPHPRL,1.0961024
LDVKKIICVACKIKPNPACKKICPK,1.0965302
RLYRRLYRRLYRRLYR,1.1030717
LKKWLK,1.1068678
KWKSFIKKLTSKFLHSAKKF,1.1070809
SWLRDIWDWLCEVLSDFK,1.1097479
FFHHIFRGIVHVAKTIHRLVTG,1.1099408
GFMKYIKPLIPHAVKAIKKLI,1.1143291
GFLGPLLKLGLKGVAKVIPHLIPSR,1.1193082
FLPLIGRALSGIL,1.1233346
KWKKLLKKLLKLLKKLLKKLKKLLK,1.1240265
RLYRRLYR,1.1277449
KKVVFKVKFK,1.1288475
KRLRRVWRRWR,1.1304369
GRKKRRQRRRPPQ,1.1356292
STVLTSKYR,1.1371458
GILKKFMLHRGTKVYKMRTLSKRSH,1.1445196
GFLGPLLKLAAKGVAKVIPHLIPSR,1.1445336
PAICQRATATLGTVGSNTSGTTEIE,1.1462599
NWKKIASIGKEVLKAL,1.1479304
WLNALLHHGLNCAKGVLA,1.1481199
GLGSLLGKAFKIGLKTVGKMMGGAP,1.1502678
RKKRRQRRR,1.1535541
GFLSILKKVLGKVMAHMK,1.1586816
ILGKLLSTAWGLLSNL,1.1632736
RRRAAFAAWAAFAARRR,1.1699662
FVQWFSKFLGKIL,1.1721687
LLGDEFRKSKEKIGKEFKRIVQRIK,1.1722996
GEKLKKIGKKIKNFFQKL,1.175133
GSKKPVPIIYCNRRATGKCQRM,1.1757866
KVLKAAAKAALNAVLVGANA,1.1805801
GFMKYIGPLIPHAVKAISDLI,1.1827784
KWKSFLRTLKSPAKTVFHTALKAIS,1.184153
VTCDVLSFEAKGIAVNHSACALHCI,1.1891848
RLYRRLYRK,1.1944096
AVDLAKIANKVLSSLF,1.1974018
GLLSGILGAGKQKVCGLSGLC,1.1995304
LFGFLIKLIPSLFGALSNIGRNRNQ,1.1996646
FLPLVLGALSGILPKILGK,1.200079
KWKSFIKKLTSKALHSAKKF,1.2014884
GWGSFFKKAAHVAKHVAKAALTHYL,1.2144582
LKLKNIVSWAKKVL,1.2168217
KWKKLLKKLLKLLKKLLK,1.2170107
VFQFLGKIIKKVGNFVKGFSKVF,1.2183378
GLFSKFAGKGIKNLIFKGVKHIGKE,1.2210625
KKKKKKKKKKGIGKLFLHAAKKFAK,1.2259452
GILKTIKSIASKVANTVQKLKRKAK,1.23001
RWRWRW,1.23001
KLLKWLKKLLK,1.2345072
NFLGTLVNLAKKIL,1.2351211
LLGMIPLAISAISSLSKL,1.2386823
MKLSCLLLTLAIIFVLTIVHAPNVK,1.2402829
ILGKLLSTAAGLLSNL,1.2437983
LNWGALLKHLLK,1.2437983
IDWKKIFEKVKNLV,1.2462236
CYCRRRFCVC,1.249397
GEKLKKIGQKIKKFFQKL,1.2534764
KWLNALLHHGLNCAKGVLA,1.257577
ILPWKLPWWPWRR,1.2577083
SVSNAATRVCRTGRSRWRDVCRNFM,1.2604914
KWKKLLKKPLKLLKKLL,1.2628279
FRWCFRVCYKGRCRYKCR,1.266581
FLPILGKLLSGIL,1.2674156
GLFGKILGVGKKVLCGLSGMC,1.2702702
WVLVLRLGY,1.2712213
GIGKFIHAVKKWGKTFIGEIAKS,1.2729113
FQWQRNIRKVR,1.2754748
KWKSFIKKAKTSFLHSAKKF,1.2805896
KRLFKKLLFSLRKY,1.2841002
LKLKSIVSWAKKVL,1.2841002
RIIDLLWRVRRPQKPKFVTVWVR,1.2849174
GKVWDWIKSAAKKIWSSEPVSQ,1.2880096
AAAAAAAAAAGIGKFLHSAKKFGKA,1.2917819
ILGTILGLLKSL,1.2918646
SWLRDIWDWGCEVLSDFK,1.292607
FFHHIFRGIVHVGKTIHRLVTG,1.2945788
INWKSIFEKVKNLV,1.3022846
GIFPKIIGKGIVNGIKSLAKGVGMK,1.304337
HFLGTLVNLAKKIL,1.3049006
RRWCFRVCYRGRFCYRKCR,1.3069085
WWSYVRRWRSR,1.3072948
GLFGKSSVWGRKYYVDLAGCAKA,1.3092693
HVDKKVADKVLLLKQLRIMRLLTRL,1.3126422
GLKKIFKKGLGSLVKGIAAHVAS,1.3158872
FRGLAKLLKIGLKSFARVLKKVLPK,1.31658
CVYAYVRVRGVLVRYRRCW,1.3216876
CYCRRRFCVCVGR,1.3278196
WFRKQLKW,1.3412542
AVVKVPLKKFKSIRETMKEKGLLED,1.3419628
LLKWLLK,1.3421915
THRPPMWSPVWPGGGKLLLKLLKK,1.3455796
QKKIRVRLSA,1.3459799
GVIIDTLKGAAKTVAAELLRKAHC,1.358318
GIGKFLKKAKKFGKAFVKMKK,1.3613026
FLPLAGRVLSGIL,1.3630618
RQIKIWFQNRRMKWKK,1.3689774
MVSVSVAVQLMLGFGTFVLMLLGLV,1.3692083
SWSSFFKKAAHSGKHVGKSASTHYL,1.3694429
GKVLDKFGKIVGKVLKQLKKVSAVA,1.3725667
INWKKLLDAAKQIL,1.3738221
GIGAVLKVLTTGLPALISWIKFKRQ,1.3768165
GIINTLQKYYYRVRGGRYAVLSY,1.3778034
LKLKSIVSWAKAVL,1.3821361
LKLLKKLLKKLLKLL,1.3894708
LKLLKKLLKKLLKLL,1.3894708
KLKLLKLLKLLKLLK,1.3909483
KLKLLKLLKLLKLLK,1.3909483
GIIKVIKSLIEQFTGK,1.3917618
GLFGKLQKKFGRKAISYAVKKARGK,1.3943326
FLPLIGRVLSGAL,1.3957355
RGGRLCYCRRRFCVCR,1.4000516
GILGKLWEGFKSIV,1.4035933
GVVTDLLNTAGGLLGNLVGSLSG,1.404369
LKWLKKWLK,1.4065508
GLNALKKVFQGIHEAIKLINNHVQ,1.410745
VRRFPWWWAFLRR,1.410924
KNWKKIAGMAKKLLKKNWKLM,1.4202337
ILGKLLSTAAGLLKNL,1.4203672
GWKSVFRKAKKVGKTVGGLALDHYL,1.4226382
FFHHIFRPIVHVAKTIHRLVTG,1.4240024
KWKLFKKIPLHLAKKF,1.4275234
GIGAILKVLATGLPTLISWI,1.4306214
MAWNSQMMLTLWIVTIVLIFSSSRC,1.4328747
KKLFKKILKKL,1.4339728
KWKLFKKIPFLHLAKKF,1.4356256
KWKKLLKKPLKLLKKLLK,1.445904
DAACAAHCLWR,1.4492416
ILPLKLPLLPLRR,1.4535899
ILGKLLSTAAKLLSKL,1.4541769
CLRIGMRGRELMGGIGKTM,1.4569323
ILGIITSLLKSL,1.4574206
KKFLHSAKKWLKAFVKLKKNW,1.4575697
LCYCRRRFCTCV,1.4585203
LKKWLKKWLKK,1.4634933
FLPIIGKLLSGLL,1.4639155
MDFIIDIIKKIVGLFTGK,1.4641323
TLLKKVLKAAAKAALNAVLVGANA,1.4653082
FVDLKKIANIINSIFKK,1.4679607
KLALKLALKALKAALKLA,1.4701295
KLALKLALKALKAALKLA,1.4701295
KLALKLALKALKAALKLA,1.4701295
KLALKLALKALKAALKLA,1.4701295
KLALKLALKALKAALKLA,1.4701295
GWKKWLRKGAKHLGQAAIKGLAS,1.473168
DANVENGEDAEDLTDKFIGLMG,1.48012
FCYCRRRFCVCVGR,1.480952
KRAKKFFKKLK,1.4813797
AAAKAALNAVLVGANA,1.4827203
CIGAVLKVLTTGLPALISWIKRKRQ,1.4849544
LNWGAILKHKIK,1.485901
KAYSTPRCKYLFRAVLCWL,1.486252
LKLLKWLLKLL,1.4871876
PAICQRATATLGTVGSNTSGTTAI,1.4876955
IDWKKLLDAAKQIL,1.487941
KWLRRVWRWWR,1.496086
LPKVMAHMK,1.4977655
LAYCRRRFCVAV,1.4980218
CIAKGNGCQPSGVQGNCCSGHCHKE,1.5002451
ILGTILGLLKGL,1.50174
KLLKLLLKLWLKLLKLLL,1.5067784
GLLKPLLKIAAKVGSNLL,1.5072854
IKIPPIVKDTLKKVAKGVLSTIAGA,1.510426
IWNKIAKSIGKVLEKAL,1.5186055
FKIKPGKVLDKFGKIVGKVLKQLK,1.5201616
GEKLKKIGQKIKNFFQKL,1.5237415
RRWPLKPWKKPLI,1.5245754
ILQKAVLDCLKAAGSSLSKAAITAI,1.5256401
ALWKTLLKKVLKAAA,1.5306332
LKLASIVSWAKKVL,1.5341506
KKVVFKVKFKK,1.5367413
KKVVFKVKFKK,1.5367413
FVPWFSKFLGIL,1.5413182
GFREKHFQRFVKYAVPESTLRTVLQ,1.5426091
RWRWRWRW,1.5432769
FLFSLIPKAIGGLISAFK,1.5461714
KKALAKALKHWLPALHKLAKALAKK,1.5471871
KRFKKFFKKPK,1.5485196
FLLFPLMCKIQGKC,1.5487411
ALWKNMLKGIGKLAGKAALGAVKK,1.5593832
ICYCRRRFCVCVGR,1.5622772
WKWKWK,1.5627409
GIFSLFKAGAKFFGKHLLKQAGKAG,1.5680463
GFWKKVGSAAWGGVKAAAKGAAVGG,1.5696919
VRRFGWWWGFLRR,1.5727942
ILGKLLSTWAGLLSNL,1.5732222
RRWPLLPWKWPLI,1.57462
FKKLKKIANIINSIFKK,1.5806189
GLLSGILGAGKHIICGLSGLC,1.5882412
FLPAIGRVLSGIL,1.5927341
KKLALHALKKWLHALKKLAHLALKK,1.593303
GLKKIFKAGLGSLVKGIAAHVAS,1.5955224
PKLKTFLSKWIG,1.6016352
FLPLLLAGLPKLLCLFFKKC,1.607261
KNWGKILKHIIK,1.6233113
FKDLKKIANIINSIFKK,1.6280061
GIWKSLFTKLLKG,1.6291243
ALWKTLLKKVLKA,1.6305004
LLKKLLKKLLKK,1.6337574
GLPRKILAAIAKKKGKAKGPLKLVA,1.636072
FKRLEKLF,1.636716
GLVTGLLKTAGKLLGDLFGSLSG,1.6380045
FLPLIGAVLSGIL,1.6402891
FVPWFSKFLGRIL,1.6452204
FVPWFSKFLGRIL,1.6452204
GIGAVLKVLALISWIKRKR,1.6456089
LNWGKILKHIIK,1.6471834
VIPFVASVAAEMMHHVYCAASKRC,1.6483425
KILRGVSKKIMRTFLRRILTGKK,1.6530632
ILGKIWKGIKSLF,1.6566039
GSKKPVPIIYCNRRAATGKCQRM,1.662222
KKKKKKAAAFAAAAAFAAWAAFAAA,1.6638582
FMPIIGRLMSGSL,1.6673002
LRQSQFVGSR,1.6683958
GLLDFVTGVGKDIFAQLIKQI,1.6694125
QRSVSNAATRVSRTGRSRWRDVSRN,1.6696206
GFGALFKFLAKKVAKTVAKQAAKQG,1.6765745
GLGKFLHSAKRFGKAFVGEAMNS,1.6890068
RGGRLCYCRPRFCVCVGR,1.68975
RGGRLCYCRRRFCVCY,1.6926285
PKLLKFLKWIG,1.6956975
RRWQWRMKK,1.7061988
